{
  "menu_items": [
    {
      "id": 877,
      "short_name": "A1",
      "name": "Won Ton Soup with Chicken",
      "description": "chicken-stuffed won tons in clear chicken broth with white meat chicken pieces and a few scallions",
      "price_small": 2.55,
      "price_large": 5.0,
      "small_portion_name": "pint",
      "large_portion_name": "quart"
    },
    {
      "id": 878,
      "short_name": "A2",
      "name": "Egg Drop Soup",
      "description": "chicken broth with egg drop",
      "price_small": 2.25,
      "price_large": 4.5,
      "small_portion_name": "pint",
      "large_portion_name": "quart"
    },
    {
      "id": 879,
      "short_name": "A3",
      "name": "Chicken Corn Soup",
      "description": "clear chicken broth with creamy corn and egg drop with white meat chicken pieces",
      "price_small": 2.75,
      "price_large": 5.5,
      "small_portion_name": "pint",
      "large_portion_name": "quart"
    },
    {
      "id": 880,
      "short_name": "A4",
      "name": "Hot and Sour Soup",
      "description": "tofu, chicken, mushroom, bamboo shoot, and egg",
      "price_small": 2.55,
      "price_large": 5.0,
      "small_portion_name": "pint",
      "large_portion_name": "quart"
    },
    {
      "id": 881,
      "short_name": "A5",
      "name": "Egg Drop with Won Ton Soup",
      "description": "chicken soup with egg drop and won tons",
      "price_small": 3.0,
      "price_large": 6.0,
      "small_portion_name": "pint",
      "large_portion_name": "quart"
    },
    {
      "id": 882,
      "short_name": "A6",
      "name": "Chicken Noodle (or Rice) Soup",
      "description": "clear broth and lo mein noodles or white rice, chicken pieces",
      "price_small": 2.55,
      "price_large": 5.0,
      "small_portion_name": "pint",
      "large_portion_name": "quart"
    },
    {
      "id": 883,
      "short_name": "A7",
      "name": "Garden Vegetable Soup",
      "description": "clear chicken broth with mixed vegetables (carrots, cabbage, baby corn, mushroom, snow peas)",
      "price_small": 2.55,
      "price_large": 5.0,
      "small_portion_name": "pint",
      "large_portion_name": "quart"
    },
    {
      "id": 884,
      "short_name": "A8",
      "name": "Garden Vegetable Soup with Tofu",
      "description": "clear chicken broth with mixed vegetables (carrots, cabbage, baby corn, mushroom, snow peas) with tofu pieces",
      "price_small": 3.0,
      "price_large": 6.0,
      "small_portion_name": "pint",
      "large_portion_name": "quart"
    },
    {
      "id": 885,
      "short_name": "A9",
      "name": "Chicken with Garden Vegetable Soup",
      "description": "clear chicken broth with mixed vegetables (carrots, cabbage, baby corn, mushroom, snow peas) and chicken pieces",
      "price_small": 3.25,
      "price_large": 6.4,
      "small_portion_name": "pint",
      "large_portion_name": "quart"
    },
    {
      "id": 886,
      "short_name": "A10",
      "name": "Hong Kong Style Won Ton Soup",
      "description": "clear chicken broth with carrots, mushrooms, snow peas, and broccoli, and a few pieces of Hong Kong style won tons",
      "price_small": 4.25,
      "price_large": 8.5,
      "small_portion_name": "pint",
      "large_portion_name": "quart"
    },
    {
      "id": 887,
      "short_name": "A11",
      "name": "Young Chow Won Ton Soup (for 2)",
      "description": "clear chicken broth with vegetables, veal, chicken, and beef and won tons",
      "price_small": null,
      "price_large": 11.95,
      "small_portion_name": null,
      "large_portion_name": null
    },
    {
      "id": 888,
      "short_name": "B1",
      "name": "Beef Egg Roll",
      "description": "eggroll with cabbage, carrots and beef",
      "price_small": null,
      "price_large": 3.0,
      "small_portion_name": null,
      "large_portion_name": null
    },
    {
      "id": 889,
      "short_name": "B2",
      "name": "Spring Roll (1)",
      "description": "thin wraps with white meat and cabbage",
      "price_small": null,
      "price_large": 3.0,
      "small_portion_name": null,
      "large_portion_name": null
    },
    {
      "id": 890,
      "short_name": "B3",
      "name": "Vegetable Egg Roll (1)",
      "description": "cabbage and carrots in eggroll wrappers",
      "price_small": null,
      "price_large": 2.25,
      "small_portion_name": null,
      "large_portion_name": null
    },
    {
      "id": 891,
      "short_name": "B4",
      "name": "Fried Won Ton with Chicken Meat (6)",
      "description": "triangle shaped won ton with ground white meat chicken inside",
      "price_small": null,
      "price_large": 6.25,
      "small_portion_name": null,
      "large_portion_name": null
    },
    {
      "id": 892,
      "short_name": "B5",
      "name": "Chicken Toast (4)",
      "description": "ground chicken meat on bread, deep-fried, comes with 4 pieces",
      "price_small": null,
      "price_large": 6.25,
      "small_portion_name": null,
      "large_portion_name": null
    },
    {
      "id": 893,
      "short_name": "B6",
      "name": "Fried Silky Tofu with Special Garlic Sauce",
      "description": "4 large tofu cubes, breaded and deep-fried, with garlic sauce on the side",
      "price_small": null,
      "price_large": 5.95,
      "small_portion_name": null,
      "large_portion_name": null
    },
    {
      "id": 894,
      "short_name": "B7",
      "name": "Scallion Pancake",
      "description": "dough mixed with scallion and pan-fried",
      "price_small": null,
      "price_large": 5.75,
      "small_portion_name": null,
      "large_portion_name": null
    },
    {
      "id": 895,
      "short_name": "B8",
      "name": "Steamed (or Pan Fried) Chicken Dumplings (6)",
      "description": "house-made dough dumpling with chicken",
      "price_small": null,
      "price_large": 7.95,
      "small_portion_name": null,
      "large_portion_name": null
    },
    {
      "id": 896,
      "short_name": "B9",
      "name": "Steamed (or Pan Fried) Vegetable Dumplings (6)",
      "description": "house-made dough dumpling with carrot, mushroom, cellophane noodles, cabbage (6 pieces)",
      "price_small": null,
      "price_large": 7.95,
      "small_portion_name": null,
      "large_portion_name": null
    },
    {
      "id": 897,
      "short_name": "B10",
      "name": "Szechuan Soft Won Ton (8)",
      "description": "soft won tons filled with chicken, with garlic sauce",
      "price_small": null,
      "price_large": 8.55,
      "small_portion_name": null,
      "large_portion_name": null
    },
    {
      "id": 898,
      "short_name": "B11",
      "name": "Chicken in Soothing Lettuce Wraps",
      "description": "white-meat chicken with mushrooms, green peppers, water chestnuts, carrots sauteed with special house sauce, wrapped in fresh lettuce",
      "price_small": null,
      "price_large": 8.9,
      "small_portion_name": null,
      "large_portion_name": null
    },
    {
      "id": 899,
      "short_name": "B12",
      "name": "Teriyaki Beef (6)",
      "description": "6 pieces of beef on skewers with teriyaki sauce",
      "price_small": null,
      "price_large": 7.95,
      "small_portion_name": null,
      "large_portion_name": null
    },
    {
      "id": 900,
      "short_name": "B13",
      "name": "Fried Chicken Wing (6)",
      "description": "6 pieces of curry-flavored chicken wings",
      "price_small": null,
      "price_large": 4.95,
      "small_portion_name": null,
      "large_portion_name": null
    },
    {
      "id": 901,
      "short_name": "B14",
      "name": "B.B.Q. Spareribs",
      "description": "marinated grilled roast barbeque ribs",
      "price_small": null,
      "price_large": 13.95,
      "small_portion_name": null,
      "large_portion_name": null
    },
    {
      "id": 902,
      "short_name": "B15",
      "name": "Pu Pu Platter (for 2)",
      "description": "2 spring egg rolls, 2 fried won tons, 2 BBQ ribs, 2 chicken toast, 2 teriyaki beef",
      "price_small": null,
      "price_large": 18.95,
      "small_portion_name": null,
      "large_portion_name": null
    },
    {
      "id": 903,
      "short_name": "B16",
      "name": "Cold Sesame Noodle",
      "description": "Peanut butter sauce and sesame seeds on lo mein noodles ",
      "price_small": null,
      "price_large": 6.95,
      "small_portion_name": null,
      "large_portion_name": null
    },
    {
      "id": 904,
      "short_name": "SP1",
      "name": "Chinese Scallion Pancake Wrap",
      "description": "with choice of string bean, string bean chicken, string bean beef, beef onions, moo shu vegetable",
      "price_small": null,
      "price_large": 18.95,
      "small_portion_name": null,
      "large_portion_name": null
    },
    {
      "id": 905,
      "short_name": "SP2",
      "name": "Teriyaki Chicken",
      "description": "marinated grilled chicken breast with vegetables and lo mein on the side",
      "price_small": null,
      "price_large": 18.95,
      "small_portion_name": null,
      "large_portion_name": null
    },
    {
      "id": 906,
      "short_name": "SP3",
      "name": "Vegetable Tempura",
      "description": "assorted vegetables breaded and fried, served with lo mein on the side",
      "price_small": null,
      "price_large": 15.95,
      "small_portion_name": null,
      "large_portion_name": null
    },
    {
      "id": 907,
      "short_name": "SP4",
      "name": "Orange Chicken and Beef Combo",
      "description": "white meat chicken and beef, breaded and deep-fried with special house sauce; served with lo mein and vegetables",
      "price_small": null,
      "price_large": 19.95,
      "small_portion_name": null,
      "large_portion_name": null
    },
    {
      "id": 908,
      "short_name": "SP5",
      "name": "Happy Family",
      "description": "beef, veal, and chicken sauteed with mixed vegetables in chef's special sauce; lo mein served on the side",
      "price_small": null,
      "price_large": 19.95,
      "small_portion_name": null,
      "large_portion_name": null
    },
    {
      "id": 909,
      "short_name": "SP6",
      "name": "Grilled Veal",
      "description": "marinated and grilled veal served with vegetables and lo mein on the side",
      "price_small": null,
      "price_large": 19.95,
      "small_portion_name": null,
      "large_portion_name": null
    },
    {
      "id": 910,
      "short_name": "SP7",
      "name": "Orange Beef",
      "description": "a few cuts of beef, breaded, deep-fried with sauce containing orange peels; served with lo mein on the side",
      "price_small": null,
      "price_large": 19.95,
      "small_portion_name": null,
      "large_portion_name": null
    },
    {
      "id": 911,
      "short_name": "SP8",
      "name": "Sesame Beef",
      "description": "a few cuts of beef, breaded, deep-fried with sauce containing sesame seeds; served with lo mein on the side",
      "price_small": null,
      "price_large": 19.95,
      "small_portion_name": null,
      "large_portion_name": null
    },
    {
      "id": 912,
      "short_name": "C1",
      "name": "Orange Chicken",
      "description": "chunks of chicken, breaded and deep-fried with sauce containing orange peels; white meat by request: for pint $1 extra, for large $2 extra",
      "price_small": 10.95,
      "price_large": 14.95,
      "small_portion_name": "pint",
      "large_portion_name": "large"
    },
    {
      "id": 913,
      "short_name": "C2",
      "name": "General Tso's Chicken",
      "description": "chunks of chicken, breaded and deep-fried with sauce and scallions; white meat by request: for pint $1 extra, for large $2 extra",
      "price_small": 10.95,
      "price_large": 14.95,
      "small_portion_name": "pint",
      "large_portion_name": "large"
    },
    {
      "id": 914,
      "short_name": "C3",
      "name": "White Meat Chicken with String Bean",
      "description": "white meat chicken sauteed with string beans and soy sauce",
      "price_small": 10.95,
      "price_large": 14.95,
      "small_portion_name": "pint",
      "large_portion_name": "large"
    },
    {
      "id": 915,
      "short_name": "C4",
      "name": "White Meat Chicken with Eggplant In Garlic Sauce",
      "description": "white meat chicken, string beans, waterchestnuts, mushrooms, and eggplant, in garlic sauce",
      "price_small": 10.95,
      "price_large": 14.95,
      "small_portion_name": "pint",
      "large_portion_name": "large"
    },
    {
      "id": 916,
      "short_name": "C5",
      "name": "Chicken Cashewnuts",
      "description": "diced chicken with waterchestnuts, green peppers, and celery, and cashewnuts; white meat by request: for pint $1 extra, for large $2 extra",
      "price_small": 10.95,
      "price_large": 14.95,
      "small_portion_name": "pint",
      "large_portion_name": "large"
    },
    {
      "id": 917,
      "short_name": "C6",
      "name": "White Meat Chicken with Fresh Vegetables",
      "description": "white meat chicken in a clear white sauce sauteed with mixed vegetables",
      "price_small": 10.95,
      "price_large": 14.95,
      "small_portion_name": "pint",
      "large_portion_name": "large"
    },
    {
      "id": 918,
      "short_name": "C7",
      "name": "Sesame Chicken",
      "description": "chunks of chicken, breaded and deep-fried with a sesame seed sauce",
      "price_small": 10.95,
      "price_large": 14.95,
      "small_portion_name": "pint",
      "large_portion_name": "large"
    },
    {
      "id": 919,
      "short_name": "C8",
      "name": "Hunan Chicken",
      "description": "white meat chicken sauteed with broccoli, mushrooms, and baby corn in Hunan sauce",
      "price_small": 10.95,
      "price_large": 14.95,
      "small_portion_name": "pint",
      "large_portion_name": "large"
    },
    {
      "id": 920,
      "short_name": "C9",
      "name": "Szechuan Chicken",
      "description": "white meat chicken sauteed with carrots, celery, and bean sprouts in Szechuan sauce",
      "price_small": 10.95,
      "price_large": 14.95,
      "small_portion_name": "pint",
      "large_portion_name": "large"
    },
    {
      "id": 921,
      "short_name": "C10",
      "name": "Kung Pao Chicken",
      "description": "diced chicken sauteed with peanuts, and celery in delicious kung pao sauce; white meat by request: for pint $1 extra, for large $2 extra",
      "price_small": 10.95,
      "price_large": 14.95,
      "small_portion_name": "pint",
      "large_portion_name": "large"
    },
    {
      "id": 922,
      "short_name": "C11",
      "name": "White Meat Chicken with Garlic Sauce",
      "description": "chicken sauteed with string beans, mushrooms, and waterchestnuts in garlic sauce",
      "price_small": 10.95,
      "price_large": 14.95,
      "small_portion_name": "pint",
      "large_portion_name": "large"
    },
    {
      "id": 923,
      "short_name": "C12",
      "name": "Dry Shredded Chicken",
      "description": "white meat chicken lightly breaded and fried until crip, then sauteed with celery and carrots in a special chef's sauce",
      "price_small": 11.95,
      "price_large": 16.95,
      "small_portion_name": "pint",
      "large_portion_name": "large"
    },
    {
      "id": 924,
      "short_name": "C13",
      "name": "Moo Shu Chicken",
      "description": "white meat chicken sauteed with shredded cabbage, mushrooms and eggs, then wrapped with pancake and delicious plum sauce",
      "price_small": 10.95,
      "price_large": 14.95,
      "small_portion_name": "pint",
      "large_portion_name": "large"
    },
    {
      "id": 925,
      "short_name": "C14",
      "name": "Moo Goo Gau Pan",
      "description": "white meat chicken sauteed with broccoli, snow peas, mushrooms, and waterchestnuts in a white sauce",
      "price_small": 10.95,
      "price_large": 14.95,
      "small_portion_name": "pint",
      "large_portion_name": "large"
    },
    {
      "id": 926,
      "short_name": "C15",
      "name": "Sweet and Sour Chicken",
      "description": "white meat chicken, breaded and fried with some green pepper, onion, and pineapples",
      "price_small": 10.95,
      "price_large": 14.95,
      "small_portion_name": "pint",
      "large_portion_name": "large"
    },
    {
      "id": 927,
      "short_name": "C16",
      "name": "Chicken with Broccoli",
      "description": "white meat chicken sauteed with broccoli in brown sauce",
      "price_small": 10.95,
      "price_large": 14.95,
      "small_portion_name": "pint",
      "large_portion_name": "large"
    },
    {
      "id": 928,
      "short_name": "C17",
      "name": "Lemon Chicken",
      "description": "white meat chicken breaded and fried, served with lemon sauce on the side",
      "price_small": 11.95,
      "price_large": 15.95,
      "small_portion_name": "pint",
      "large_portion_name": "large"
    },
    {
      "id": 929,
      "short_name": "C18",
      "name": "Eight Treasure Chicken",
      "description": "diced chicken sauteed with mushrooms, waterchestnuts, celery, peas, carrots, peanuts, and cahsews in a chef's sauce; white meat by request: for pint $1 extra, for large $2 extra",
      "price_small": 10.95,
      "price_large": 14.95,
      "small_portion_name": "pint",
      "large_portion_name": "large"
    },
    {
      "id": 930,
      "short_name": "C19",
      "name": "Salt \u0026 Pepper Chicken",
      "description": "chunks of chicken breaded and fried, the sauteed with green peppers",
      "price_small": 11.95,
      "price_large": 15.95,
      "small_portion_name": "pint",
      "large_portion_name": "large"
    },
    {
      "id": 931,
      "short_name": "F1",
      "name": "Beef Broccoli",
      "description": "sliced beef sauteed with broccoli in brown sauce",
      "price_small": 11.45,
      "price_large": 15.45,
      "small_portion_name": "pint",
      "large_portion_name": "large"
    },
    {
      "id": 932,
      "short_name": "F2",
      "name": "Hunan Beef",
      "description": "beef sauteed with broccoli, mushrooms, and carrots in spicy Hunan sauce",
      "price_small": 11.45,
      "price_large": 15.45,
      "small_portion_name": "pint",
      "large_portion_name": "large"
    },
    {
      "id": 933,
      "short_name": "F3",
      "name": "Szechuan Beef",
      "description": "beef sauteed with carrots and celery, in a spicy Szechuan sauce",
      "price_small": 11.45,
      "price_large": 15.45,
      "small_portion_name": "pint",
      "large_portion_name": "large"
    },
    {
      "id": 934,
      "short_name": "F4",
      "name": "Beef with Mixed Vegetables",
      "description": "sliced beef sauteed with mixed vegetables",
      "price_small": 11.45,
      "price_large": 15.45,
      "small_portion_name": "pint",
      "large_portion_name": "large"
    },
    {
      "id": 935,
      "short_name": "F5",
      "name": "Beef with Garlic Sauce",
      "description": "sliced beef sauteed in garlic sauce",
      "price_small": 11.45,
      "price_large": 15.45,
      "small_portion_name": "pint",
      "large_portion_name": "large"
    },
    {
      "id": 936,
      "short_name": "F6",
      "name": "Beef with Eggplant in Garlic Sauce",
      "description": "sliced beef sauteed with eggplant in garlic sauce",
      "price_small": 11.45,
      "price_large": 15.45,
      "small_portion_name": "pint",
      "large_portion_name": "large"
    },
    {
      "id": 937,
      "short_name": "F7",
      "name": "Beef with Snow Peas",
      "description": "sliced beef sauteed with snow peas in brown sauce",
      "price_small": 11.45,
      "price_large": 15.45,
      "small_portion_name": "pint",
      "large_portion_name": "large"
    },
    {
      "id": 938,
      "short_name": "F8",
      "name": "Beef with Green Pepper",
      "description": "sliced beef sauteed with green peppers and onions in brown sauce",
      "price_small": 11.45,
      "price_large": 15.45,
      "small_portion_name": "pint",
      "large_portion_name": "large"
    },
    {
      "id": 939,
      "short_name": "F9",
      "name": "Kung Pao Beef",
      "description": "sliced beef sauteed with peanuts and celery in delicious Kung Pao sauce",
      "price_small": 11.45,
      "price_large": 15.45,
      "small_portion_name": "pint",
      "large_portion_name": "large"
    },
    {
      "id": 940,
      "short_name": "F10",
      "name": "Mongolian Beef",
      "description": "sliced beef sauteed with bamboo shoots, onions, and green onions in chef's sauce",
      "price_small": 11.45,
      "price_large": 15.45,
      "small_portion_name": "pint",
      "large_portion_name": "large"
    },
    {
      "id": 941,
      "short_name": "F11",
      "name": "Moo Shu Beef",
      "description": "sliced beef sauteed  with shredded cabbage, mushrooms and eggs, then wrapped with pancake and delicious plum sauce",
      "price_small": 11.45,
      "price_large": 15.45,
      "small_portion_name": "pint",
      "large_portion_name": "large"
    },
    {
      "id": 942,
      "short_name": "F12",
      "name": "Beef with String Bean",
      "description": "sliced beef sauteed with string beans and onions",
      "price_small": 11.45,
      "price_large": 15.45,
      "small_portion_name": "pint",
      "large_portion_name": "large"
    },
    {
      "id": 943,
      "short_name": "V1",
      "name": "Hunan Veal",
      "description": "veal sauteed with broccoli, mushrooms, and carrots in spicy Hunan sauce",
      "price_small": 12.45,
      "price_large": 18.45,
      "small_portion_name": "pint",
      "large_portion_name": "large"
    },
    {
      "id": 944,
      "short_name": "V2",
      "name": "Veal with Mixed Vegetables",
      "description": "sliced veal sauteed with carrots, broccoli, snow peas, string beans, water chestnuts, and mushrooms in brown sauce",
      "price_small": 12.45,
      "price_large": 18.45,
      "small_portion_name": "pint",
      "large_portion_name": "large"
    },
    {
      "id": 945,
      "short_name": "V3",
      "name": "Veal with Garlic Sauce",
      "description": "sliced veal sauteed with mushrooms, string beans, and water chestnuts in garlic sauce",
      "price_small": 12.45,
      "price_large": 18.45,
      "small_portion_name": "pint",
      "large_portion_name": "large"
    },
    {
      "id": 946,
      "short_name": "V4",
      "name": "Kung Pao Veal",
      "description": "sliced veal sauteed with peanuts and celery in delicious Kung Pao sauce",
      "price_small": 12.45,
      "price_large": 18.45,
      "small_portion_name": "pint",
      "large_portion_name": "large"
    },
    {
      "id": 947,
      "short_name": "V5",
      "name": "Mongolian Veal",
      "description": "veal sauteed with onions, green onions, and bamboo shoots in chef's sauce",
      "price_small": 12.45,
      "price_large": 18.45,
      "small_portion_name": "pint",
      "large_portion_name": "large"
    },
    {
      "id": 948,
      "short_name": "V6",
      "name": "Veal with Green Peppers",
      "description": "sliced veal sauteed with onions and green peppers in brown sauce",
      "price_small": 12.45,
      "price_large": 18.45,
      "small_portion_name": "pint",
      "large_portion_name": "large"
    },
    {
      "id": 949,
      "short_name": "V7",
      "name": "Szechuan Veal",
      "description": "veal sauteed with carrots, celery, and bean sprouts in Szechuan sauce",
      "price_small": 12.45,
      "price_large": 18.45,
      "small_portion_name": "pint",
      "large_portion_name": "large"
    },
    {
      "id": 950,
      "short_name": "DK1",
      "name": "Peking Duck",
      "description": "marinated duck roasted crisp and served with pancake and green onion with special sauce",
      "price_small": 28.95,
      "price_large": 52.95,
      "small_portion_name": "half",
      "large_portion_name": "whole"
    },
    {
      "id": 951,
      "short_name": "DK2",
      "name": "Crispy Duck",
      "description": "boneless duck meat, lightly breaded, deep fried to a crisp, topped with vegetables in chef's special sauce",
      "price_small": null,
      "price_large": 30.95,
      "small_portion_name": null,
      "large_portion_name": null
    },
    {
      "id": 952,
      "short_name": "DK3",
      "name": "Duck with Vegetables",
      "description": "sliced lean duck meat sauteed with mixed vegtables in brown sauce",
      "price_small": null,
      "price_large": 30.95,
      "small_portion_name": null,
      "large_portion_name": null
    },
    {
      "id": 953,
      "short_name": "VG1",
      "name": "Wok's Mixed Vegetables",
      "description": "broccoli, carrots, baby corn, water chestnuts, mushrooms, and snow peas sauteed in brown sauce",
      "price_small": 9.45,
      "price_large": 11.45,
      "small_portion_name": "pint",
      "large_portion_name": "large"
    },
    {
      "id": 954,
      "short_name": "VG2",
      "name": "Sauteed String Beans, Szechuan",
      "description": "onions and string beans sauteed with chef's sauce",
      "price_small": 9.45,
      "price_large": 11.45,
      "small_portion_name": "pint",
      "large_portion_name": "large"
    },
    {
      "id": 955,
      "short_name": "VG3",
      "name": "Eggplant in Garlic Sauce",
      "description": "eggplant sauteed with water chestnuts and string beans in garlic sauce",
      "price_small": 9.45,
      "price_large": 11.45,
      "small_portion_name": "pint",
      "large_portion_name": "large"
    },
    {
      "id": 956,
      "short_name": "VG4",
      "name": "Crispy Eggplant in Garlic Sauce",
      "description": "breaded and fried eggplants sauteed in sweet garlic sauce and sesame seeds",
      "price_small": 9.45,
      "price_large": 11.45,
      "small_portion_name": "pint",
      "large_portion_name": "large"
    },
    {
      "id": 957,
      "short_name": "VG5",
      "name": "Broccoli Sauteed wtih Mushrooms in Light Sauce",
      "description": "broccoli sauteed with fresh mushrooms in white sauce",
      "price_small": 9.45,
      "price_large": 11.45,
      "small_portion_name": "pint",
      "large_portion_name": "large"
    },
    {
      "id": 958,
      "short_name": "VG6",
      "name": "Moo Shu Vegetables",
      "description": "shredded cabbage sauteed with mushrooms, carrots, and scrambled eggs",
      "price_small": 9.45,
      "price_large": 11.45,
      "small_portion_name": "pint",
      "large_portion_name": "large"
    },
    {
      "id": 959,
      "short_name": "VG7",
      "name": "Sauteed Snow Peas \u0026 Waterchestnuts in Brown Sauce",
      "description": "snow peas and water chestnuts sauteed in brown sauce",
      "price_small": 9.45,
      "price_large": 11.45,
      "small_portion_name": "pint",
      "large_portion_name": "large"
    },
    {
      "id": 960,
      "short_name": "VG8",
      "name": "Bean Curd, Szechuan Style",
      "description": "silky soft bean curd braised in chef's brown sauce",
      "price_small": 9.45,
      "price_large": 11.45,
      "small_portion_name": "pint",
      "large_portion_name": "large"
    },
    {
      "id": 961,
      "short_name": "VG9",
      "name": "Bean Curd, Hunan Style",
      "description": "bean curd lightly fried then sauteed with green pepper, snow peas, and water chestnuts in brown sauce",
      "price_small": 9.45,
      "price_large": 11.45,
      "small_portion_name": "pint",
      "large_portion_name": "large"
    },
    {
      "id": 962,
      "short_name": "VG10",
      "name": "Bean Curd with Mixed Vegetables",
      "description": "Tofu lightly breaded and fried and sauteed with carrots, broccoli, snow peas, string beans, water chestnuts, and mushrooms in brown sauce",
      "price_small": 9.45,
      "price_large": 11.45,
      "small_portion_name": "pint",
      "large_portion_name": "large"
    },
    {
      "id": 963,
      "short_name": "VG11",
      "name": "Bean Curd with Mushrooms",
      "description": "bean curd sauteed with black mushrooms and regular mushrooms in brown sauce",
      "price_small": 9.45,
      "price_large": 11.45,
      "small_portion_name": "pint",
      "large_portion_name": "large"
    },
    {
      "id": 964,
      "short_name": "VG12",
      "name": "Orange Bean Curd",
      "description": "Tofu lightly breaded and fried and sauteed with orange peel in sweet brown sauce",
      "price_small": 9.45,
      "price_large": 11.45,
      "small_portion_name": "pint",
      "large_portion_name": "large"
    },
    {
      "id": 965,
      "short_name": "VG13",
      "name": "Bean Curd with Eggplant in Garlic Sauce",
      "description": "Tofu lightly breaded and fried and sauteed with water chestnuts, string beans, and mushrooms in garlic sauce",
      "price_small": 9.45,
      "price_large": 11.45,
      "small_portion_name": "pint",
      "large_portion_name": "large"
    },
    {
      "id": 966,
      "short_name": "VG14",
      "name": "Sauteed Bean Sprouts",
      "description": "fresh bean sprouts sauteed with scallions",
      "price_small": 9.45,
      "price_large": 11.45,
      "small_portion_name": "pint",
      "large_portion_name": "large"
    },
    {
      "id": 967,
      "short_name": "CU21",
      "name": "Curry Chicken",
      "description": "white meat chicken sauteed with ionions, peas, carrots, and broccoli",
      "price_small": 11.95,
      "price_large": 14.95,
      "small_portion_name": "pint",
      "large_portion_name": "large"
    },
    {
      "id": 968,
      "short_name": "CU22",
      "name": "Curry Beef",
      "description": "beef sauteed with ionions, peas, carrots, and broccoli",
      "price_small": 12.95,
      "price_large": 16.95,
      "small_portion_name": "pint",
      "large_portion_name": "large"
    },
    {
      "id": 969,
      "short_name": "CU23",
      "name": "Curry Veal",
      "description": "veal sauteed with ionions, peas, carrots, and broccoli",
      "price_small": 12.95,
      "price_large": 17.95,
      "small_portion_name": "pint",
      "large_portion_name": "large"
    },
    {
      "id": 970,
      "short_name": "NL1",
      "name": "Vegetable Lo Mein",
      "description": "broccoli, carrots, onions, snow peas, and bean sprouts sauteed with soft lo mein noodles",
      "price_small": 8.95,
      "price_large": 10.95,
      "small_portion_name": "pint",
      "large_portion_name": "large"
    },
    {
      "id": 971,
      "short_name": "NL2",
      "name": "Chicken Lo Mein",
      "description": "white meat chicken, onions, and bean sprouts sauteed with soft lo mein noodles",
      "price_small": 9.95,
      "price_large": 11.95,
      "small_portion_name": "pint",
      "large_portion_name": "large"
    },
    {
      "id": 972,
      "short_name": "NL3",
      "name": "Beef Lo Mein",
      "description": "beef, onions, and bean sprouts sauteed with soft lo mein noodles",
      "price_small": 9.95,
      "price_large": 11.95,
      "small_portion_name": "pint",
      "large_portion_name": "large"
    },
    {
      "id": 973,
      "short_name": "NL4",
      "name": "Veal Lo Mein",
      "description": "veal, onions, and bean sprouts sauteed with soft lo mein noodles",
      "price_small": 10.95,
      "price_large": 12.95,
      "small_portion_name": "pint",
      "large_portion_name": "large"
    },
    {
      "id": 974,
      "short_name": "NL5",
      "name": "House Special Lo Mein",
      "description": "white meat chicken, beef, veal, onions, and bean sprouts sauteed with soft lo mein noodles",
      "price_small": 11.95,
      "price_large": 13.95,
      "small_portion_name": "pint",
      "large_portion_name": "large"
    },
    {
      "id": 975,
      "short_name": "NF10",
      "name": "Vegetable Mei Fan",
      "description": "broccoli, snow peas, onions, and bean sprouts sauteed with rice noodles",
      "price_small": null,
      "price_large": 12.95,
      "small_portion_name": null,
      "large_portion_name": null
    },
    {
      "id": 976,
      "short_name": "NF11",
      "name": "Chicken Mei Fan",
      "description": "white meat chicken sauteed with onions and bean sprouts",
      "price_small": null,
      "price_large": 14.95,
      "small_portion_name": null,
      "large_portion_name": null
    },
    {
      "id": 977,
      "short_name": "NF12",
      "name": "Beef Mei Fan",
      "description": "beef sauteed with onions and bean sprouts",
      "price_small": null,
      "price_large": 15.95,
      "small_portion_name": null,
      "large_portion_name": null
    },
    {
      "id": 978,
      "short_name": "NF13",
      "name": "House Special Mei Fan",
      "description": "white meat chicken, beef, and veal sauteed with onions and bean sprouts",
      "price_small": null,
      "price_large": 17.95,
      "small_portion_name": null,
      "large_portion_name": null
    },
    {
      "id": 979,
      "short_name": "PF1",
      "name": "Pan Fried Noodles with Vegetables",
      "description": "broccoli, snow peas, mushrooms, water chestnuts, and carrots sauteed with brown sauce on a bed of crispy crunchy noodles",
      "price_small": null,
      "price_large": 12.45,
      "small_portion_name": null,
      "large_portion_name": null
    },
    {
      "id": 980,
      "short_name": "PF2",
      "name": "Pan Fried Noodles with Chicken",
      "description": "white meat chicken sauteed with broccoli, snow peas, mushrooms, water chestnuts, and carrots with brown sauce on a bed of crispy crunchy noodles",
      "price_small": null,
      "price_large": 16.45,
      "small_portion_name": null,
      "large_portion_name": null
    },
    {
      "id": 981,
      "short_name": "PF3",
      "name": "Pan Fried Noodles with Beef",
      "description": "sliced beef sauteed with broccoli, snow peas, mushrooms, water chestnuts, and carrots with brown sauce on a bed of crispy crunchy noodles",
      "price_small": null,
      "price_large": 16.45,
      "small_portion_name": null,
      "large_portion_name": null
    },
    {
      "id": 982,
      "short_name": "PF4",
      "name": "Pan Fried Noodles with Veal",
      "description": "sliced veal sauteed with broccoli, snow peas, mushrooms, water chestnuts, and carrots with brown sauce on a bed of crispy crunchy noodles",
      "price_small": null,
      "price_large": 17.45,
      "small_portion_name": null,
      "large_portion_name": null
    },
    {
      "id": 983,
      "short_name": "PF5",
      "name": "House Special Pan Fried Noodles",
      "description": "veal, beef, and chicken sauteed with broccoli, snow peas, mushrooms, water chestnuts, and carrots with brown sauce on a bed of crispy crunchy noodles",
      "price_small": null,
      "price_large": 18.45,
      "small_portion_name": null,
      "large_portion_name": null
    },
    {
      "id": 984,
      "short_name": "FR1",
      "name": "Vegetable Fried Rice",
      "description": "broccoli, snow peas, onions, and bean sprouts sauteed with rice",
      "price_small": 8.95,
      "price_large": 11.45,
      "small_portion_name": "pint",
      "large_portion_name": "large"
    },
    {
      "id": 985,
      "short_name": "FR2",
      "name": "Chicken Fried Rice",
      "description": "white meat chicken sauteed with onions and bean sprouts with rice",
      "price_small": 9.95,
      "price_large": 12.45,
      "small_portion_name": "pint",
      "large_portion_name": "large"
    },
    {
      "id": 986,
      "short_name": "FR3",
      "name": "Beef Fried Rice",
      "description": "sliced beef sauteed with onions and bean sprouts with rice",
      "price_small": 9.95,
      "price_large": 12.45,
      "small_portion_name": "pint",
      "large_portion_name": "large"
    },
    {
      "id": 987,
      "short_name": "FR4",
      "name": "Veal Fried Rice",
      "description": "sliced veal sauteed with onions and bean sprouts with rice",
      "price_small": 10.95,
      "price_large": 13.45,
      "small_portion_name": "pint",
      "large_portion_name": "large"
    },
    {
      "id": 988,
      "short_name": "FR5",
      "name": "House Fried Rice",
      "description": "veal, beef, and chicken sauteed with onions and bean sprouts with rice",
      "price_small": 11.95,
      "price_large": 14.45,
      "small_portion_name": "pint",
      "large_portion_name": "large"
    },
    {
      "id": 989,
      "short_name": "CM1",
      "name": "Vegetable Chow Mein",
      "description": "broccoli, snow peas, onions, bean sprouts, and celery sauteed with white sauce",
      "price_small": 8.95,
      "price_large": 11.45,
      "small_portion_name": "pint",
      "large_portion_name": "large"
    },
    {
      "id": 990,
      "short_name": "CM2",
      "name": "Chicken Chow Mein",
      "description": "white meat chicken sauteed with bean sprouts, onions, and celery in white sauce",
      "price_small": 9.95,
      "price_large": 12.45,
      "small_portion_name": "pint",
      "large_portion_name": "large"
    },
    {
      "id": 991,
      "short_name": "CM3",
      "name": "Beef Chow Mein",
      "description": "beef sauteed with bean sprouts, onions, and celery in brown sauce",
      "price_small": 9.95,
      "price_large": 12.45,
      "small_portion_name": "pint",
      "large_portion_name": "large"
    },
    {
      "id": 992,
      "short_name": "CM4",
      "name": "Veal Chow Mein",
      "description": "veal sauteed with bean sprouts, onions, and celery in brown sauce",
      "price_small": 10.95,
      "price_large": 13.45,
      "small_portion_name": "pint",
      "large_portion_name": "large"
    },
    {
      "id": 993,
      "short_name": "CM5",
      "name": "House Special Chow Mein",
      "description": "veal, beef, and chicken sauteed with bean sprouts, onions, and celery in brown sauce",
      "price_small": 11.95,
      "price_large": 14.45,
      "small_portion_name": "pint",
      "large_portion_name": "large"
    },
    {
      "id": 994,
      "short_name": "FY1",
      "name": "Vegetable Egg Foo Young",
      "description": "shredded cabbage, onions, bean sprouts, celery, snow peas, and carrots in egg",
      "price_small": null,
      "price_large": 11.45,
      "small_portion_name": null,
      "large_portion_name": null
    },
    {
      "id": 995,
      "short_name": "FY2",
      "name": "Chicken Egg Foo Young",
      "description": "white meat chicken, shredded cabbage, onions, bean sprouts, celery, snow peas, and carrots in egg",
      "price_small": null,
      "price_large": 13.45,
      "small_portion_name": null,
      "large_portion_name": null
    },
    {
      "id": 996,
      "short_name": "FY3",
      "name": "Beef Egg Foo Young",
      "description": "beef, shredded cabbage, onions, bean sprouts, celery, snow peas, and carrots in egg",
      "price_small": null,
      "price_large": 13.45,
      "small_portion_name": null,
      "large_portion_name": null
    },
    {
      "id": 997,
      "short_name": "FY4",
      "name": "Veal Egg Foo Young",
      "description": "veal, shredded cabbage, onions, bean sprouts, celery, snow peas, and carrots in egg",
      "price_small": null,
      "price_large": 14.45,
      "small_portion_name": null,
      "large_portion_name": null
    },
    {
      "id": 998,
      "short_name": "FY5",
      "name": "House Egg Foo Young",
      "description": "veal, beef, and chicken, shredded cabbage, onions, bean sprouts, celery, snow peas, and carrots in egg",
      "price_small": null,
      "price_large": 15.45,
      "small_portion_name": null,
      "large_portion_name": null
    },
    {
      "id": 999,
      "short_name": "SO1",
      "name": "Chicken Nuggets with French Fries",
      "description": "",
      "price_small": null,
      "price_large": 7.25,
      "small_portion_name": null,
      "large_portion_name": null
    },
    {
      "id": 1000,
      "short_name": "SO2",
      "name": "French Fries",
      "description": "",
      "price_small": null,
      "price_large": 4.25,
      "small_portion_name": null,
      "large_portion_name": null
    },
    {
      "id": 1001,
      "short_name": "SO3",
      "name": "Brown Rice",
      "description": "",
      "price_small": 2.5,
      "price_large": 4.0,
      "small_portion_name": "pint",
      "large_portion_name": "large"
    },
    {
      "id": 1002,
      "short_name": "SO4",
      "name": "Extra White Rice",
      "description": "",
      "price_small": 2.5,
      "price_large": 4.0,
      "small_portion_name": "pint",
      "large_portion_name": "large"
    },
    {
      "id": 1003,
      "short_name": "SO5",
      "name": "Extra Fried Rice",
      "description": "",
      "price_small": 2.5,
      "price_large": 4.0,
      "small_portion_name": "pint",
      "large_portion_name": "large"
    },
    {
      "id": 1004,
      "short_name": "SO6",
      "name": "Fortune Cookies (12)",
      "description": "",
      "price_small": null,
      "price_large": 2.5,
      "small_portion_name": null,
      "large_portion_name": null
    },
    {
      "id": 1005,
      "short_name": "SO7",
      "name": "Fountain Soda Large",
      "description": "",
      "price_small": null,
      "price_large": 2.0,
      "small_portion_name": null,
      "large_portion_name": null
    },
    {
      "id": 1006,
      "short_name": "DS1",
      "name": "Chocolate Truffle Cake",
      "description": "",
      "price_small": null,
      "price_large": 4.25,
      "small_portion_name": null,
      "large_portion_name": "slice"
    },
    {
      "id": 1007,
      "short_name": "DS2",
      "name": "Cappuccino Apricot Cake",
      "description": "",
      "price_small": null,
      "price_large": 4.25,
      "small_portion_name": null,
      "large_portion_name": "slice"
    },
    {
      "id": 1008,
      "short_name": "D1",
      "name": "Orange Chicken",
      "description": "chunks of chicken, breaded and deep-fried with sauce containing orange peels; white meat by request: for pint $1 extra, for large $2 extra",
      "price_small": null,
      "price_large": 13.95,
      "small_portion_name": null,
      "large_portion_name": null
    },
    {
      "id": 1009,
      "short_name": "D2",
      "name": "General Tso's Chicken",
      "description": "chunks of chicken, breaded and deep-fried with sauce and scallions; white meat by request: for pint $1 extra, for large $2 extra",
      "price_small": null,
      "price_large": 13.95,
      "small_portion_name": null,
      "large_portion_name": null
    },
    {
      "id": 1010,
      "short_name": "D3",
      "name": "Sesame Chicken",
      "description": "chunks of chicken, breaded and deep-fried with a sesame seed sauce",
      "price_small": null,
      "price_large": 13.95,
      "small_portion_name": null,
      "large_portion_name": null
    },
    {
      "id": 1011,
      "short_name": "D4",
      "name": "Kung Pao Chicken",
      "description": "diced chicken sauteed with peanuts, and celery in delicious kung pao sauce; white meat by request: for pint $1 extra, for large $2 extra",
      "price_small": null,
      "price_large": 13.95,
      "small_portion_name": null,
      "large_portion_name": null
    },
    {
      "id": 1012,
      "short_name": "D5",
      "name": "Chicken Cashewnuts",
      "description": "diced chicken with waterchestnuts, green peppers, and celery, and cashewnuts; white meat by request: for pint $1 extra, for large $2 extra",
      "price_small": null,
      "price_large": 13.95,
      "small_portion_name": null,
      "large_portion_name": null
    },
    {
      "id": 1013,
      "short_name": "D6",
      "name": "Chicken with Vegetables",
      "description": "white meat chicken in a clear white sauce",
      "price_small": null,
      "price_large": 13.95,
      "small_portion_name": null,
      "large_portion_name": null
    },
    {
      "id": 1014,
      "short_name": "D7",
      "name": "Sweet and Sour Chicken",
      "description": "white meat chicken, breaded and fried with some green pepper, onion, and pineapples",
      "price_small": null,
      "price_large": 13.95,
      "small_portion_name": null,
      "large_portion_name": null
    },
    {
      "id": 1015,
      "short_name": "D8",
      "name": "Beef Broccoli",
      "description": "sliced beef sauteed with broccoli in brown sauce",
      "price_small": null,
      "price_large": 13.95,
      "small_portion_name": null,
      "large_portion_name": null
    },
    {
      "id": 1016,
      "short_name": "D9",
      "name": "Beef with Garlic Sauce",
      "description": "sliced beef sauteed in garlic sauce",
      "price_small": null,
      "price_large": 13.95,
      "small_portion_name": null,
      "large_portion_name": null
    },
    {
      "id": 1017,
      "short_name": "D10",
      "name": "Beef with Fresh Vegetables",
      "description": "sliced beef sauteed with mixed vegetables",
      "price_small": null,
      "price_large": 13.95,
      "small_portion_name": null,
      "large_portion_name": null
    },
    {
      "id": 1018,
      "short_name": "D11",
      "name": "Veal with Fresh Vegetables",
      "description": "sliced veal sauteed with mixed vegetables",
      "price_small": null,
      "price_large": 13.95,
      "small_portion_name": null,
      "large_portion_name": null
    },
    {
      "id": 1019,
      "short_name": "D12",
      "name": "Veal with Garlic Sauce",
      "description": "sliced veal sauteed in garlic sauce",
      "price_small": null,
      "price_large": 13.95,
      "small_portion_name": null,
      "large_portion_name": null
    },
    {
      "id": 1020,
      "short_name": "D13",
      "name": "Hunan Bean Curd",
      "description": "bean curd lightly fried then sauteed with green pepper, snow peas, and water chestnuts in brown sauce",
      "price_small": null,
      "price_large": 13.95,
      "small_portion_name": null,
      "large_portion_name": null
    },
    {
      "id": 1021,
      "short_name": "D14",
      "name": "Bean Curd with Fresh Vegetables",
      "description": "Tofu lightly breaded and fried and sauteed with carrots, broccoli, snow peas, string beans, water chestnuts, and mushrooms in brown sauce",
      "price_small": null,
      "price_large": 13.95,
      "small_portion_name": null,
      "large_portion_name": null
    },
    {
      "id": 1022,
      "short_name": "D15",
      "name": "Mixed Vegetables",
      "description": "broccoli, carrots, baby corn, water chestnuts, mushrooms, and snow peas sauteed in brown sauce",
      "price_small": null,
      "price_large": 13.95,
      "small_portion_name": null,
      "large_portion_name": null
    },
    {
      "id": 1023,
      "short_name": "D16",
      "name": "Eggplant with Garlic Sauce",
      "description": "eggplant sauteed with water chestnuts and string beans in garlic sauce",
      "price_small": null,
      "price_large": 13.95,
      "small_portion_name": null,
      "large_portion_name": null
    },
    {
      "id": 1024,
      "short_name": "D17",
      "name": "Lo Mein",
      "description": "onions, and bean sprouts sauteed with soft lo mein noodles",
      "price_small": null,
      "price_large": 13.95,
      "small_portion_name": null,
      "large_portion_name": null
    },
    {
      "id": 1025,
      "short_name": "D18",
      "name": "Chow Mein",
      "description": "chow mein noodles sauteed with bean sprouts, onions, and celery in brown sauce",
      "price_small": null,
      "price_large": 13.95,
      "small_portion_name": null,
      "large_portion_name": null
    },
    {
      "id": 1026,
      "short_name": "SR1",
      "name": "Cucumber Sushi Roll",
      "description": "",
      "price_small": null,
      "price_large": 4.5,
      "small_portion_name": null,
      "large_portion_name": null
    },
    {
      "id": 1027,
      "short_name": "SR2",
      "name": "Asparagus Sushi Roll",
      "description": "",
      "price_small": null,
      "price_large": 5.0,
      "small_portion_name": null,
      "large_portion_name": null
    },
    {
      "id": 1028,
      "short_name": "SR3",
      "name": "Avocado Sushi Roll",
      "description": "",
      "price_small": null,
      "price_large": 5.0,
      "small_portion_name": null,
      "large_portion_name": null
    },
    {
      "id": 1029,
      "short_name": "SR4",
      "name": "Garden Vegetable Sushi Roll",
      "description": "",
      "price_small": null,
      "price_large": 6.5,
      "small_portion_name": null,
      "large_portion_name": null
    },
    {
      "id": 1030,
      "short_name": "SR5",
      "name": "California Sushi Roll",
      "description": "",
      "price_small": null,
      "price_large": 6.0,
      "small_portion_name": null,
      "large_portion_name": null
    },
    {
      "id": 1031,
      "short_name": "SR6",
      "name": "Salmon Sushi Roll",
      "description": "",
      "price_small": null,
      "price_large": 5.5,
      "small_portion_name": null,
      "large_portion_name": null
    },
    {
      "id": 1032,
      "short_name": "SR7",
      "name": "Tuna Sushi Roll",
      "description": "",
      "price_small": null,
      "price_large": 5.5,
      "small_portion_name": null,
      "large_portion_name": null
    },
    {
      "id": 1033,
      "short_name": "SR8",
      "name": "Yellowtail Sushi Roll",
      "description": "",
      "price_small": null,
      "price_large": 6.0,
      "small_portion_name": null,
      "large_portion_name": null
    },
    {
      "id": 1034,
      "short_name": "SR9",
      "name": "Salmon Skin \u0026 Cucumber Sushi Roll",
      "description": "",
      "price_small": null,
      "price_large": 5.5,
      "small_portion_name": null,
      "large_portion_name": null
    },
    {
      "id": 1035,
      "short_name": "SR10",
      "name": "Tuna and Avocado Sushi Roll",
      "description": "",
      "price_small": null,
      "price_large": 6.5,
      "small_portion_name": null,
      "large_portion_name": null
    },
    {
      "id": 1036,
      "short_name": "SR11",
      "name": "Salmon and Avocado Sushi Roll",
      "description": "",
      "price_small": null,
      "price_large": 6.5,
      "small_portion_name": null,
      "large_portion_name": null
    },
    {
      "id": 1037,
      "short_name": "SR12",
      "name": "Yellowtail and Avocado Sushi Roll",
      "description": "",
      "price_small": null,
      "price_large": 6.5,
      "small_portion_name": null,
      "large_portion_name": null
    },
    {
      "id": 1038,
      "short_name": "SR13",
      "name": "Spicy Tuna Sushi Roll",
      "description": "",
      "price_small": null,
      "price_large": 6.5,
      "small_portion_name": null,
      "large_portion_name": null
    },
    {
      "id": 1039,
      "short_name": "SR14",
      "name": "Spicy Salmon Sushi Roll",
      "description": "",
      "price_small": null,
      "price_large": 6.5,
      "small_portion_name": null,
      "large_portion_name": null
    },
    {
      "id": 1040,
      "short_name": "SR15",
      "name": "Fried Sweet Potato Sushi Roll",
      "description": "",
      "price_small": null,
      "price_large": 6.5,
      "small_portion_name": null,
      "large_portion_name": null
    },
    {
      "id": 1041,
      "short_name": "SR16",
      "name": "Philadelphia Sushi Roll",
      "description": "",
      "price_small": null,
      "price_large": 6.5,
      "small_portion_name": null,
      "large_portion_name": null
    },
    {
      "id": 1042,
      "short_name": "SR17",
      "name": "Salmon Tempura Cooked Sushi Roll",
      "description": "",
      "price_small": null,
      "price_large": 9.5,
      "small_portion_name": null,
      "large_portion_name": null
    },
    {
      "id": 1043,
      "short_name": "SR18",
      "name": "Teriyaki Tuna Cooked Sushi Roll",
      "description": "",
      "price_small": null,
      "price_large": 8.0,
      "small_portion_name": null,
      "large_portion_name": null
    },
    {
      "id": 1044,
      "short_name": "SR19",
      "name": "Teriyaki Salmon Cooked Sushi Roll",
      "description": "",
      "price_small": null,
      "price_large": 8.0,
      "small_portion_name": null,
      "large_portion_name": null
    },
    {
      "id": 1045,
      "short_name": "SR20",
      "name": "Tiriyaki Combo Cooked Sushi Roll",
      "description": "",
      "price_small": null,
      "price_large": 9.5,
      "small_portion_name": null,
      "large_portion_name": null
    },
    {
      "id": 1046,
      "short_name": "SR21",
      "name": "Tuna and Cucumber Temaki Roll",
      "description": "",
      "price_small": null,
      "price_large": 7.0,
      "small_portion_name": null,
      "large_portion_name": null
    },
    {
      "id": 1047,
      "short_name": "SR22",
      "name": "Salmon Skin and Cucumber Temaki Roll",
      "description": "",
      "price_small": null,
      "price_large": 7.0,
      "small_portion_name": null,
      "large_portion_name": null
    },
    {
      "id": 1048,
      "short_name": "SR23",
      "name": "Yellowtail Avocado Temaki Roll",
      "description": "",
      "price_small": null,
      "price_large": 7.0,
      "small_portion_name": null,
      "large_portion_name": null
    },
    {
      "id": 1049,
      "short_name": "SR24",
      "name": "Salmon Tartar Temaki Roll",
      "description": "",
      "price_small": null,
      "price_large": 8.0,
      "small_portion_name": null,
      "large_portion_name": null
    },
    {
      "id": 1050,
      "short_name": "SR25",
      "name": "Salmon Sashimi",
      "description": "",
      "price_small": null,
      "price_large": 2.5,
      "small_portion_name": null,
      "large_portion_name": null
    },
    {
      "id": 1051,
      "short_name": "SR26",
      "name": "Tuna Sashimi",
      "description": "",
      "price_small": null,
      "price_large": 2.5,
      "small_portion_name": null,
      "large_portion_name": null
    },
    {
      "id": 1052,
      "short_name": "SR27",
      "name": "Yellowtail Sashimi",
      "description": "",
      "price_small": null,
      "price_large": 2.75,
      "small_portion_name": null,
      "large_portion_name": null
    },
    {
      "id": 1053,
      "short_name": "SR28",
      "name": "Imitation Crab Stick Sashimi",
      "description": "",
      "price_small": null,
      "price_large": 2.5,
      "small_portion_name": null,
      "large_portion_name": null
    },
    {
      "id": 1054,
      "short_name": "SR29",
      "name": "Garden Salad",
      "description": "",
      "price_small": null,
      "price_large": 5.95,
      "small_portion_name": null,
      "large_portion_name": null
    },
    {
      "id": 1055,
      "short_name": "SR30",
      "name": "Double Happiness",
      "description": "",
      "price_small": null,
      "price_large": 13.0,
      "small_portion_name": null,
      "large_portion_name": null
    },
    {
      "id": 1056,
      "short_name": "SR31",
      "name": "Las Vegas Roll",
      "description": "",
      "price_small": null,
      "price_large": 14.0,
      "small_portion_name": null,
      "large_portion_name": null
    },
    {
      "id": 1057,
      "short_name": "SR32",
      "name": "Love Roll",
      "description": "",
      "price_small": null,
      "price_large": 13.0,
      "small_portion_name": null,
      "large_portion_name": null
    },
    {
      "id": 1058,
      "short_name": "SR33",
      "name": "Volcano Roll",
      "description": "",
      "price_small": null,
      "price_large": 13.0,
      "small_portion_name": null,
      "large_portion_name": null
    },
    {
      "id": 1059,
      "short_name": "SR34",
      "name": "Alaska Roll",
      "description": "",
      "price_small": null,
      "price_large": 12.0,
      "small_portion_name": null,
      "large_portion_name": null
    },
    {
      "id": 1060,
      "short_name": "SR35",
      "name": "Rainbow Roll",
      "description": "",
      "price_small": null,
      "price_large": 12.0,
      "small_portion_name": null,
      "large_portion_name": null
    },
    {
      "id": 1061,
      "short_name": "SR36",
      "name": "Orioles",
      "description": "",
      "price_small": null,
      "price_large": 12.0,
      "small_portion_name": null,
      "large_portion_name": null
    },
    {
      "id": 1062,
      "short_name": "SR37",
      "name": "Dragon Roll",
      "description": "",
      "price_small": null,
      "price_large": 12.0,
      "small_portion_name": null,
      "large_portion_name": null
    },
    {
      "id": 1063,
      "short_name": "SR38",
      "name": "Blossom Roll",
      "description": "",
      "price_small": null,
      "price_large": 13.0,
      "small_portion_name": null,
      "large_portion_name": null
    },
    {
      "id": 1064,
      "short_name": "SR39",
      "name": "Golden Dragon Roll",
      "description": "",
      "price_small": null,
      "price_large": 13.0,
      "small_portion_name": null,
      "large_portion_name": null
    },
    {
      "id": 1065,
      "short_name": "SR40",
      "name": "Festival Roll",
      "description": "",
      "price_small": null,
      "price_large": 15.0,
      "small_portion_name": null,
      "large_portion_name": null
    },
    {
      "id": 1066,
      "short_name": "SR41",
      "name": "Sashimi Combo",
      "description": "",
      "price_small": null,
      "price_large": 18.0,
      "small_portion_name": null,
      "large_portion_name": null
    },
    {
      "id": 1067,
      "short_name": "SR42",
      "name": "Sushi Sashimi Combo",
      "description": "",
      "price_small": null,
      "price_large": 27.95,
      "small_portion_name": null,
      "large_portion_name": null
    },
    {
      "id": 1068,
      "short_name": "SR43",
      "name": "Sashimi Maki Combo",
      "description": "",
      "price_small": null,
      "price_large": 15.0,
      "small_portion_name": null,
      "large_portion_name": null
    },
    {
      "id": 1069,
      "short_name": "L1",
      "name": "Orange Chicken",
      "description": "chunks of chicken, breaded and deep-fried with sauce containing orange peels; white meat by request: for pint $1 extra, for large $2 extra",
      "price_small": null,
      "price_large": 9.75,
      "small_portion_name": null,
      "large_portion_name": null
    },
    {
      "id": 1070,
      "short_name": "L2",
      "name": "General Tso's Chicken",
      "description": "chunks of chicken, breaded and deep-fried with sauce and scallions; white meat by request: for pint $1 extra, for large $2 extra",
      "price_small": null,
      "price_large": 9.75,
      "small_portion_name": null,
      "large_portion_name": null
    },
    {
      "id": 1071,
      "short_name": "L3",
      "name": "Chicken Cashewnuts",
      "description": "diced chicken with waterchestnuts, green peppers, and celery, and cashewnuts; white meat by request: for pint $1 extra, for large $2 extra",
      "price_small": null,
      "price_large": 9.75,
      "small_portion_name": null,
      "large_portion_name": null
    },
    {
      "id": 1072,
      "short_name": "L4",
      "name": "Kung Pao Chicken",
      "description": "beef sauteed with carrots and celery, in a spicy Szechuan sauce",
      "price_small": null,
      "price_large": 9.75,
      "small_portion_name": null,
      "large_portion_name": null
    },
    {
      "id": 1073,
      "short_name": "L5",
      "name": "Chicken String Bean",
      "description": "white meat chicken sauteed with string beans and soy sauce",
      "price_small": null,
      "price_large": 9.75,
      "small_portion_name": null,
      "large_portion_name": null
    },
    {
      "id": 1074,
      "short_name": "L6",
      "name": "Chicken Vegetable",
      "description": "white meat chicken in a clear white sauce sauteed with mixed vegetables",
      "price_small": null,
      "price_large": 9.75,
      "small_portion_name": null,
      "large_portion_name": null
    },
    {
      "id": 1075,
      "short_name": "L7",
      "name": "Chicken Garlic Sauce",
      "description": "chicken sauteed with string beans, mushrooms, and waterchestnuts in garlic sauce",
      "price_small": null,
      "price_large": 9.75,
      "small_portion_name": null,
      "large_portion_name": null
    },
    {
      "id": 1076,
      "short_name": "L8",
      "name": "Chicken Eggplant with Garlic Sauce",
      "description": "white meat chicken, string beans, waterchestnuts, mushrooms, and eggplant, in garlic sauce",
      "price_small": null,
      "price_large": 9.75,
      "small_portion_name": null,
      "large_portion_name": null
    },
    {
      "id": 1077,
      "short_name": "L9",
      "name": "Sweet and Sour Chicken",
      "description": "white meat chicken, breaded and fried with some green pepper, onion, and pineapples",
      "price_small": null,
      "price_large": 9.75,
      "small_portion_name": null,
      "large_portion_name": null
    },
    {
      "id": 1078,
      "short_name": "L10",
      "name": "Chicken Broccoli",
      "description": "white meat chicken sauteed with broccoli in brown sauce",
      "price_small": null,
      "price_large": 9.75,
      "small_portion_name": null,
      "large_portion_name": null
    },
    {
      "id": 1079,
      "short_name": "L11",
      "name": "Hunan Chicken",
      "description": "white meat chicken sauteed with broccoli, mushrooms, and baby corn in Hunan sauce",
      "price_small": null,
      "price_large": 9.75,
      "small_portion_name": null,
      "large_portion_name": null
    },
    {
      "id": 1080,
      "short_name": "L12",
      "name": "Szechuan Chicken",
      "description": "white meat chicken sauteed with carrots, celery, and bean sprouts in Szechuan sauce",
      "price_small": null,
      "price_large": 9.75,
      "small_portion_name": null,
      "large_portion_name": null
    },
    {
      "id": 1081,
      "short_name": "L13",
      "name": "Hunan Beef",
      "description": "beef sauteed with broccoli, mushrooms, and carrots in spicy Hunan sauce",
      "price_small": null,
      "price_large": 9.75,
      "small_portion_name": null,
      "large_portion_name": null
    },
    {
      "id": 1082,
      "short_name": "L14",
      "name": "Beef with Broccoli",
      "description": "sliced beef sauteed with broccoli in brown sauce",
      "price_small": null,
      "price_large": 9.75,
      "small_portion_name": null,
      "large_portion_name": null
    },
    {
      "id": 1083,
      "short_name": "L15",
      "name": "Beef with Garlic Sauce",
      "description": "sliced beef sauteed in garlic sauce",
      "price_small": null,
      "price_large": 9.75,
      "small_portion_name": null,
      "large_portion_name": null
    },
    {
      "id": 1084,
      "short_name": "L16",
      "name": "Beef String Bean",
      "description": "sliced beef sauteed with string beans and onions",
      "price_small": null,
      "price_large": 9.75,
      "small_portion_name": null,
      "large_portion_name": null
    },
    {
      "id": 1085,
      "short_name": "L17",
      "name": "Beef with Green Pepper",
      "description": "sliced beef sauteed with green peppers and onions in brown sauce",
      "price_small": null,
      "price_large": 9.75,
      "small_portion_name": null,
      "large_portion_name": null
    },
    {
      "id": 1086,
      "short_name": "L18",
      "name": "Veal with Mixed Vegetables",
      "description": "sliced veal sauteed with carrots, broccoli, snow peas, string beans, water chestnuts, and mushrooms in brown sauce",
      "price_small": null,
      "price_large": 9.75,
      "small_portion_name": null,
      "large_portion_name": null
    },
    {
      "id": 1087,
      "short_name": "L19",
      "name": "Hunan Bean Curd",
      "description": "bean curd lightly fried then sauteed with green pepper, snow peas, and water chestnuts in brown sauce",
      "price_small": null,
      "price_large": 9.75,
      "small_portion_name": null,
      "large_portion_name": null
    },
    {
      "id": 1088,
      "short_name": "L20",
      "name": "Bean Curd with Vegetables",
      "description": "Tofu lightly breaded and fried and sauteed with carrots, broccoli, snow peas, string beans, water chestnuts, and mushrooms in brown sauce",
      "price_small": null,
      "price_large": 9.75,
      "small_portion_name": null,
      "large_portion_name": null
    },
    {
      "id": 1089,
      "short_name": "L21",
      "name": "Wok's Mixed Vegetables",
      "description": "broccoli, carrots, baby corn, water chestnuts, mushrooms, and snow peas sauteed in brown sauce",
      "price_small": null,
      "price_large": 9.75,
      "small_portion_name": null,
      "large_portion_name": null
    },
    {
      "id": 1090,
      "short_name": "L22",
      "name": "Szechuan String Bean",
      "description": "onions and string beans sauteed with chef's sauce",
      "price_small": null,
      "price_large": 9.75,
      "small_portion_name": null,
      "large_portion_name": null
    },
    {
      "id": 1091,
      "short_name": "L23",
      "name": "Eggplant with Garlic Sauce",
      "description": "eggplant sauteed with water chestnuts and string beans in garlic sauce",
      "price_small": null,
      "price_large": 9.75,
      "small_portion_name": null,
      "large_portion_name": null
    },
    {
      "id": 1092,
      "short_name": "L24",
      "name": "Chicken Mei Fan",
      "description": "white meat chicken sauteed with onions and bean sprouts",
      "price_small": null,
      "price_large": 9.75,
      "small_portion_name": null,
      "large_portion_name": null
    },
    {
      "id": 1093,
      "short_name": "L26",
      "name": "Chow Mein",
      "description": "white meat chicken OR beef OR vegetables, sauteed with bean sprouts, onions, and celery in white sauce",
      "price_small": null,
      "price_large": 9.75,
      "small_portion_name": null,
      "large_portion_name": null
    },
    {
      "id": 1094,
      "short_name": "L27",
      "name": "Lo Mein",
      "description": "white meat chicken OR beef OR vegetables, sauteed with onions, and bean sprouts and soft lo mein noodles",
      "price_small": null,
      "price_large": 9.75,
      "small_portion_name": null,
      "large_portion_name": null
    },
    {
      "id": 1095,
      "short_name": "L28",
      "name": "Sesame Chicken",
      "description": "chunks of chicken, breaded and deep-fried with a sesame seed sauce",
      "price_small": null,
      "price_large": 9.75,
      "small_portion_name": null,
      "large_portion_name": null
    }
  ]
}
